Id,Stage,Challenge,Time,Head Movement,Correct Answer
1476188663,1,1,4.979222,0,True
1476188663,1,2,1.208617,0,True
1476188663,1,3,0.5581141,0,True
1476188663,2,1,1.06832,0,True
1476188663,2,2,0.5258403,0,True
1476188663,2,3,0.4343224,0,True
1476188663,3,1,0.7540455,0,True
1476188663,3,2,0.3410745,0,True
1476188663,3,3,0.4499531,0,True
